[ 
    {
        "userName":"Terry Dacktille",
        "action":"submitted a <s>New cause</s> - Museum of Natural History fund",
        "when":"3 minutes ago"

    },
    {
        "userName":"Harry Henderson",
        "action":"added a <s>Fact Statement</s> to - Cascadian Wilderness Research Project",
        "when":"49 minutes ago"

    },
    {
        "userName":"Jerry Ratzenbert",
        "action":"submitted a <s>Change request</s> - Add pet safety warnings to products",
        "when":"1 hour ago"
    },
    {
        "userName":"Mary LIttleham",
        "action":"submitted a <s>New cause</s> - Shepherd's association art show",
        "when":"3 minutes ago"
    },
    {
        "userName":"Harry Henderson",
        "action":"added a <s>Fact Statement</s> to - Cascadian Wilderness Research Project",
        "when":"49 minutes ago"

    },
    {
        "userName":"Jerry Ratzenbert",
        "action":"submitted a <s>Change request</s> - Add pet safety warnings to products",
        "when":"1 hour ago"
    },
    {
        "userName":"Mary LIttleham",
        "action":"submitted a <s>New cause</s> - Shepherd\"s association art show",
        "when":"3 minutes ago"
    },
    {
        "userName":"Harry Henderson",
        "action":"added a <s>Fact Statement</s> to - Cascadian Wilderness Research Project",
        "when":"49 minutes ago"

    },
    {
        "userName":"Jerry Ratzenbert",
        "action":"submitted a <s>Change request</s> - Add pet safety warnings to products",
        "when":"1 hour ago"
    },
    {
        "userName":"Mary LIttleham",
        "action":"submitted a <s>New cause</s> - Shepherd\"s association art show",
        "when":"3 minutes ago"
    }
];